country,institution,type,contacts,contacts_with_email,sources,name_variants
Afghanistan,ACE - The Electoral Knowledge Network,Other,1,1,db,
Afghanistan,ICPS,Other,1,1,db,
Africa,Electoral Commissions Forum of SADC Countries,Other,2,2,"csv,db",
Aland Islands,NA,Other,1,1,db,
Albania,Central Election Commission of the Republic of Albania,EMB,2,2,"csv,db",
Albania,ACEEEO,Other,2,2,csv,
Albania,Electoral Commission,EMB,2,2,"csv,db",Election Commission
Albania,National Public Affairs,Other,1,1,csv,
Albania,Central Elections Commission of Albania,Other,1,1,db,
Algeria,Algerian National Commission,Other,2,2,"csv,db",
Angola,National Electoral Commission,EMB,5,5,csv,
Angola,The Electoral Commission Forum,Other,2,2,"csv,db",
Angola,Clube dos Empreendedores,Other,1,1,db,
Anguilla,Government of Anguilla,Other,2,2,db,
Antigua and Barbuda,Antigua and Barbuda Electoral Commission,EMB,17,17,db,Antigua Barbuda Electoral Commission | Antigua & Barbuda Electoral Commission | Antigua & Barbuda Electoral commission | Antigua and barbuda electoral commission | Antigua and Barbuda Electoral commission
Antigua and Barbuda,Electoral Commission,EMB,2,2,db,
Antigua and Barbuda,ABEC,Other,1,1,db,
Antigua and Barbuda,Ministry of Education,Other,1,1,db,
Argentina,Correo Oficial de la Rep Arg,Other,2,2,db,
Argentina,SMARTMATIC,Other,1,1,db,
Argentina,IGE,Other,1,1,db,
Armenia,Central Electoral Commission of the Republic of Armenia,EMB,16,16,"csv,db",Cental Election Commission | Central Election Commission
Armenia,Election Commission,EMB,2,2,"csv,db",
Armenia,Central Electoral Commission o,EMB,1,1,csv,
Armenia,"ISEC, National Academy of Sciences",Other,1,1,"csv,db",
Australia,Victorian Electoral Commission,EMB,1,1,db,
Austria,OSCE,Other,32,32,csv,
Austria,Ministry for Foreign Affairs,Other,11,11,"csv,db",Ministry of Foreign Affairs
Austria,Paliamentary Assembly,Other,4,4,"csv,db",
Austria,Ministry of Justice,Other,4,4,csv,
Austria,Austrian Federal Ministry for European and International Affairs,Other,3,3,csv,
Austria,Institute of Technology Assessment of the Austrian Academy of Sciences,Other,2,2,csv,
Austria,Federal Ministry of the Interior,Other,1,1,"csv,db",
Austria,ACEEEO,Other,1,1,csv,
Austria,Austrian Federal Ministry for European and International Affair,Other,1,1,csv,
Austria,Parliamentary Assembly,Other,1,1,"csv,db",
Austria,Austrian Parliament,Other,1,1,csv,
Austria,EEAS - European External Action Service,Other,1,1,csv,
Austria,Russian Center for Training Election Technologies; Central Election Commission,Other,1,1,csv,
Austria,Council of Europe,Other,1,1,"csv,db",
Austria,European Economic and Social Committee,Other,1,1,csv,
Austria,Federal Chancellery,Other,1,1,"csv,db",
Austria,Federal Computing Centre,Other,1,1,"csv,db",
Austria,Ministry of the Interior,Other,1,1,"csv,db",
Austria,E Voting Competence Center for Electronic Voting and Participation,Other,1,1,"csv,db",
Austria,Ministry for European and International Affairs,Other,1,1,csv,
Austria,Action against Terrorism Unit,Other,1,1,csv,
Austria,Strategic Police Matters Unit,Other,1,1,csv,
Austria,Independent Election Expert,Other,1,1,db,
Azerbaijan,Central Election Commission of the Republic of Azerbaijan,EMB,9,9,"csv,db",Central Election Commission
Azerbaijan,National Election Office,EMB,3,3,db,
Azerbaijan,Centre for Strategic Studies,Other,1,1,"csv,db",
Azerbaijan,Election Monitoring Center,Other,1,1,db,
Azerbaijan,Election Commission,EMB,1,1,db,
Bangladesh,Bangladesh Election Commission,EMB,7,7,db,
Bangladesh,Canadian University of Bangladesh,Other,2,2,db,
Barbados,ELECTORAL AND BOUNDARIES COMMISSION,Other,1,1,db,
Belarus,The Central Commission of the Republic of Belarus on Elections and Holding Republican Referendа,Other,2,2,"csv,db",Central Commission of the Republic of Belarus on Elections and Holding of Republican Referenda
Belarus,Ministry for Foreign Affairs,Other,2,2,csv,
Belarus,Central Election Commission,EMB,1,1,"csv,db",
Belarus,Election Commission,EMB,1,1,db,
Belgium,EPP,Other,14,14,csv,
Belgium,European Economic and Social Committee,Other,12,12,csv,
Belgium,Policy and Legislative Affairs,Other,12,12,csv,
Belgium,EUROPEAN PEACEBUILDING LIASON OFFICE,Other,10,10,csv,
Belgium,Parliamentary Diplomacy and Foreign Affairs,Other,7,7,csv,
Belgium,European Centre for Electoral Support,Other,6,6,"csv,db",
Belgium,Inter Pares,Other,4,4,csv,
Belgium,The Office of International IDEA,Other,3,3,csv,
Belgium,Ministry for Foreign Affairs,Other,2,2,csv,
Belgium,Ministry of Justice,Other,2,2,csv,
Belgium,Paliamentary Assembly,Other,1,1,"csv,db",
Belgium,European Parliament,Other,1,1,csv,
Belgium,ICANN,Other,1,1,csv,
Belgium,ECES | European Centre for Electoral Support,Other,1,1,csv,
Belgium,European Center for Electoral Support,Other,1,1,csv,
Belgium,UN/UNDP Representation Office in Brussels,Other,1,1,csv,
Belgium,Ministry of Interior of Belgium,Other,1,1,csv,
Belgium,IOM - UN Migration Agency,Other,1,1,csv,
Belgium,AECOM - International Development Europe,Other,1,1,csv,
Belgium,Office of International IDEA to the EU,Other,1,1,csv,
Belgium,International Foundation for Electoral Systems,Other,1,1,csv,
Belgium,Elections Directorate,Other,1,1,csv,
Belgium,European Commission - Election Observation,Other,1,1,csv,
Belgium,European Commission Undp-Partnership On Electoral Assistance,Other,1,1,csv,
Belgium,UNDP,Other,1,1,csv,
Belgium,Ministry of the Brussels Capital Region,Other,1,1,"csv,db",
Belgium,Youth and the Advisory Council on Youth,Other,1,1,"csv,db",
Belgium,FOS-Belgium,Other,1,1,csv,
Belgium,European Union,Other,1,1,csv,
Belgium,European Commission,Other,1,1,csv,
Belgium,Permanent Mission of Belgium,Other,1,1,db,
Belgium,Eri-Platform AISBL,Other,1,1,db,
Benin,National Autonomous Electoral Commission,EMB,2,2,csv,
Benin,National Electoral Commission (CENA),EMB,2,2,csv,
Benin,PNUD/BENIN,Other,1,1,csv,
Benin,African Union,Other,1,1,csv,
Benin,ICANN,Other,1,1,csv,
Bhutan,Department of Electoral Registration and Delimitation,Other,4,4,db,
Bhutan,Election Commission of Bhutan,EMB,1,1,db,
Bolivia,Bolivia Electoral,Other,1,1,db,
Bosnia and Herzegovina,Central Election Commission of Bosnia and Herzegovina,EMB,6,6,"csv,db",Central Election Commission
Bosnia and Herzegovina,Transparency International,Other,4,4,csv,
Bosnia and Herzegovina,Association of Election Officials of Bosnia and Herzegovina,Other,2,2,"csv,db",
Bosnia and Herzegovina,OSCE,Other,2,2,csv,
Bosnia and Herzegovina,Ministry of Foreign Affairs,Other,2,2,"csv,db",
Bosnia and Herzegovina,Democratisation Department Organisation,Other,1,1,"csv,db",
Bosnia and Herzegovina,Association Of Election Officials In Bosnia & Herzegovina (Aeobih),Other,1,1,csv,
Bosnia and Herzegovina,Coalition for Free and Fair Elections - Pod lupom,Other,1,1,csv,
Bosnia and Herzegovina,Election Commission,EMB,1,1,"csv,db",
Bosnia and Herzegovina,Regulatory Agency,Other,1,1,"csv,db",
Bosnia and Herzegovina,Ministry of Justice,Other,1,1,csv,
Botswana,Independent Electoral Commission Botswana,EMB,9,9,"csv,db",Independent Electoral Commission
Botswana,Independent Electoral Commission (IEC),EMB,3,3,csv,
Botswana,The Electoral Commission Forum,Other,1,1,"csv,db",
Botswana,Office of the Electoral Commissioner,EMB,1,1,csv,
Botswana,Electoral Commissions of SADC countries,EMB,1,1,csv,
Botswana,Electoral Commissions Forum of SADC Countries,Other,1,1,db,
Botswana,Toppan Security,Other,1,1,db,
Botswana,Community,Other,1,1,db,
Botswana,Dance Out Botswana Pty Ltd,Other,1,1,db,
Botswana,government,Other,1,1,db,
Botswana,IEC BOTSWANA,EMB,1,1,db,
Botswana,Disabled Women in Africa,Other,1,1,db,
Botswana,Ministry for State President,Other,1,1,db,
Botswana,Bonafied Merchants,Other,1,1,db,
Botswana,University of Botswana,Other,1,1,db,
Botswana,Botswana Government Communications,Other,1,1,db,
Botswana,Botswana Government Communications Information Systems,Other,1,1,db,
Botswana,"Ministry for State President, Defence and Security",Other,1,1,db,
Botswana,Ministery for State President,Other,1,1,db,
Botswana,Botswana Government Communications and Information System,Other,1,1,db,
Brazil,Smartmatic,Other,1,1,db,
Brazil,Independent,Other,1,1,db,
British Virgin Islands,BVI GOVERNMENT/ELECTIONS OFFICE,Other,1,1,db,
British Virgin Islands,Government of the Virgin Islands,Other,1,1,db,
British Virgin Islands,Office of Supervisor of Elections,Other,1,1,db,
British Virgin Islands,Senior Executive Officer,Other,1,1,db,
British Virgin Islands,Election Ofiice,Other,1,1,db,
Brunei Darussalam,Legislative Council,Other,2,2,db,
Bulgaria,Ministry for Foreign Affairs,Other,2,2,"csv,db",Ministry of Foreign Affairs
Bulgaria,Central Election Commission of Bulgaria,EMB,1,1,"csv,db",
Bulgaria,UACEG Central Election Commission,Other,1,1,"csv,db",
Bulgaria,National Assembly of the Republic of Bulgaria,Other,1,1,"csv,db",
Bulgaria,Ministry of Justice,Other,1,1,csv,
Bulgaria,Smartmatic,Other,1,1,db,
Burkina Faso,Independent Electoral Commission,EMB,5,5,csv,
Burkina Faso,International Foundation for Electoral Systems,Other,2,2,"csv,db",
Burundi,Burundi National Commission,Other,2,2,"csv,db",
Burundi,Burkinabe National Commission,Other,2,2,"csv,db",
Burundi,Independent National Electoral Commission of Burundi (CENI),EMB,2,2,csv,Independent National Electoral Commission
Cabo Verde,National Electoral Commission,EMB,7,7,csv,
Cabo Verde,General Directorate of Support to Electoral Process (DGAPE),Other,1,1,csv,
Cabo Verde,DGAPE,Other,1,1,db,
Cameroon,The African Peace Support Trainers Association,Other,4,4,csv,
Cameroon,Center for Democracy and Electoral Studies,Other,3,3,csv,
Cameroon,Cameroon National Commission,Other,2,2,"csv,db",
Cameroon,Electoral Board,EMB,1,1,csv,
Cameroon,Elections Cameroon,Other,1,1,db,
Cameroon,Elections Cameroon 'ELECAM',Other,1,1,db,
Canada,Members of Parliament,Other,13,13,csv,
Canada,Minister of National Revenue,Other,9,9,csv,
Canada,Parliament of Canada,Other,8,8,csv,
Canada,Canadian International Development Agency,Other,3,3,"csv,db",
Canada,Elections Ontario,Other,3,3,db,
Canada,Canadian Branch of the Commonwealth Parliamentary Association,Other,2,2,csv,
Canada,Canada-France Inter-Parliamentary Association,Other,2,2,csv,
Canada,Corporate and Parliamentary Research Organisation:Elections Canada,EMB,1,1,"csv,db",
Canada,Canadian Organisation for Democratic Elections,Other,1,1,csv,
Canada,Canada-Africa Parliamentary Association,Other,1,1,csv,
Canada,Canada-Europe Parliamentary Association,Other,1,1,csv,
Canada,Canadian Branch of the Assemblée parlementaire de la Francophonie,Other,1,1,csv,
Canada,Canada-United Kingdom Inter-Parliamentary Association,Other,1,1,csv,
Canada,Canada-Germany Interparliamentary Group,Other,1,1,csv,
Canada,Elections Quebec,Other,1,1,db,
Canada,Élections Québec,Other,1,1,db,
Canada,Election Commission,EMB,1,1,db,
Canada,Neuvote Systems Inc.,Other,1,1,db,
Canada,University of Ottawa,Other,1,1,db,
Canada,Vi,Other,1,1,db,
Canada,Élections Montréal,Other,1,1,db,
Canada,EISA,Other,1,1,db,
Chad,Chadian National Commission,Other,2,2,"csv,db",
Chad,Chad National Independent Electoral Commission,EMB,2,2,csv,
Chad,United Nations Development Programme,Other,1,1,csv,
Chad,PARLIAMENTARY CHAMBER,Other,1,1,db,
Chad,International Helping For The Young,Other,1,1,db,
Colombia,Independent,Other,1,1,db,
Congo,National Commission of the Democratic Republic of Congo,Other,1,1,"csv,db",
Cook Islands,Cook Islands Electoral Office,EMB,1,1,db,
Côte d'Ivoire,Independent Electoral Commission,EMB,3,3,csv,
Côte d'Ivoire,Electoral Institute for Sustainable Democracy in Africa (EISA),Other,1,1,"csv,db",
Côte d'Ivoire,EISA,Other,1,1,db,
Croatia,Ministry of Justice,Other,2,2,csv,
Croatia,Ministry of Foreign Affairs,Other,2,2,csv,
Croatia,State Electoral Commission of the Republic of Croatia,EMB,1,1,"csv,db",
Croatia,Central Election Commission,EMB,1,1,"csv,db",
Croatia,Election Commission,EMB,1,1,"csv,db",
Cyprus,European Commission Representation,Other,4,4,db,
Cyprus,Cyprus Transparency Association,Other,3,3,"csv,db",
Cyprus,Central Election Commission,EMB,2,2,db,
Cyprus,Ministry of the Interior,Other,1,1,"csv,db",
Czech Republic,Central Commision for Election,Other,2,2,"csv,db",
Czech Republic,The Ministry of Interior,Other,1,1,"csv,db",
Czech Republic,Supreme Administrative Court,Other,1,1,csv,
Czech Republic,Ministry of Foreign Affairs,Other,1,1,csv,
Democratic Republic of the Congo,Independant National Electoral Commission,EMB,3,3,csv,
Democratic Republic of the Congo,Independent Electoral Commission,EMB,1,1,csv,
Democratic Republic of the Congo,Independent National Electoral Commission (CENI),EMB,1,1,csv,
Democratic Republic of the Congo,UNDP,Other,1,1,csv,
Democratic Republic of the Congo,Electoral Institute for Sustainable Democracy in Africa,Other,1,1,csv,
Denmark,OSCE,Other,2,2,csv,
Denmark,Paliamentary Assembly,Other,2,2,"csv,db",
Denmark,Election Commission,EMB,1,1,"csv,db",
Denmark,Central Election Commission,EMB,1,1,"csv,db",
Denmark,Ministry of Social Welfare,Other,1,1,"csv,db",
Denmark,Ministry of Foreign Affairs,Other,1,1,csv,
Denmark,Ministry of Justice,Other,1,1,csv,
Denmark,OSCE PA,Other,1,1,db,
Djibouti,Inter-Governmental Authority on Development (IGAD),Other,1,1,"csv,db",
Dominican Republic,Junta Central Electoral,Other,3,3,db,
Dominican Republic,Ministry of Foreign Affairs,Other,1,1,csv,
Dominican Republic,JUNTA ENTRAL ELECTORAL (JCE),Other,1,1,db,
Egypt,International Foundation for Electoral Systems,Other,2,2,csv,
Egypt,Egyptian Supreme Elections Commission / Ministry of Justice,Other,1,1,csv,
Egypt,Dedi - Election Projects and Election Polls,Other,1,1,csv,
Egypt,Embassy of Egypt-Romania,Other,1,1,csv,
Egypt,Ministry of Transitional Justice and the House of Deputies Supreme Committe for Legislative Reform,Other,1,1,csv,
Egypt,Ministry of Transitional Justice,Other,1,1,csv,
Egypt,National Election Authority,EMB,1,1,csv,
Egypt,High Elections Committee (HEC),Other,1,1,csv,
Egypt,High Elections Committee,Other,1,1,csv,
Egypt,Election Commission,EMB,1,1,db,
Eritrea,Institute for Education in Democracy,Other,1,1,db,
Estonia,Electoral Service,Other,5,5,db,
Estonia,Chancellery of the Riigikogu,Other,1,1,"csv,db",
Estonia,Ministry of Foreign Affairs,Other,1,1,"csv,db",
Estonia,Ministry of the Interior,Other,1,1,"csv,db",
Estonia,Estonia National Electoral Committee,Other,1,1,"csv,db",
Estonia,State Election Commission,EMB,1,1,"csv,db",
Estonia,Estonian Nationa Electoral Committee,Other,1,1,db,
Eswatini,Election Commission,EMB,1,1,db,
Eswatini,SUTFU Foundation,Other,1,1,db,
Ethiopia,National Election Board of Ethiopia - NEBE,EMB,14,14,"csv,db",National Election Board | National Electoral Board | National Electoral Board of Ethiopia | National Election Board of Ethiopia
Ethiopia,The African Union Commission,Other,4,4,csv,African Union Commission
Ethiopia,Transparency Ethiopia,Other,2,2,csv,
Ethiopia,GIZ,Other,2,2,db,
Ethiopia,International Institute for Democracy and Electoral Assistance,Other,1,1,csv,
Ethiopia,International IDEA Addis Office,Other,1,1,csv,
Ethiopia,International IDEA,Other,1,1,csv,
Ethiopia,Embassy of Sweden in Addis,Other,1,1,csv,
Ethiopia,African Union,Other,1,1,"csv,db",
Ethiopia,European Center for Electoral Support,Other,1,1,db,
Ethiopia,NEBE - National Election Board of Ethiopia,EMB,1,1,db,
Ethiopia,NATIONAL ELECTION BOARD OF ETIOPIA,EMB,1,1,db,
Finland,OSCE,Other,2,2,csv,
Finland,Ministry of Foreign Affairs,Other,1,1,"csv,db",
Finland,National Audit Office of Finland,Other,1,1,csv,
Finland,Parliament of Finland,Other,1,1,csv,
Finland,Ministry of Justice,Other,1,1,csv,
France,Council of Europe,Other,13,13,csv,
France,Office Parlementaire d´Evaluation des Choix Scientifiques et Technologiques (OPECST),Other,3,3,csv,
France,Université de Strasbourg,Other,3,3,csv,
France,Cabinet Office,Other,3,3,db,
France,Council of Europe - Europen Commission for Democracy though Law,Other,1,1,"csv,db",
France,Professor of Economics and Management,Other,1,1,csv,
France,Stras’Diplomacy,Other,1,1,csv,
France,The International Organization of Francophonie,Other,1,1,csv,
France,Ministry for European Affairs,Other,1,1,csv,
France,University of Avignon,Other,1,1,csv,
France,Region Grand Est,Other,1,1,csv,
France,Public Missions,Other,1,1,csv,
France,Makers For Change,Other,1,1,csv,
France,CrossCheck France,Other,1,1,csv,
France,Conseil de l’Europe - FMDO (Fédération marocaine et mondiale des organismes démocratiques),Other,1,1,csv,
France,European Economic and Social Committee,Other,1,1,csv,
France,Ministry of Justice,Other,1,1,csv,
France,Ministry of Foreign Affairs,Other,1,1,csv,
France,Elections-Experts NGO,Other,1,1,db,
Gabon,Independent and Permanent National Electoral Commission,EMB,1,1,csv,
Gabon,Autonomous and Permanent National Electoral Commission,EMB,1,1,csv,
Gabon,African Union Commission,Other,1,1,csv,
Gabon,Electoral Institute for Sustainable Democracy in Africa,Other,1,1,csv,
Gabon,Economic Community of Central African States (ECCAS),Other,1,1,csv,
Gabon,PARLIAMENTARY CHAMBER,Other,1,1,db,
Gambia,Independent Electoral Commission,EMB,8,8,"csv,db",
Gambia,African Centre for Democracy and Human Rights Studies,Other,1,1,csv,
Georgia,Central Election Commission of Georgia,EMB,8,8,"csv,db",
Georgia,CEC of Georgia,EMB,1,1,db,
Germany,ACEEEO,Other,2,2,csv,
Germany,Ministry of Justice,Other,2,2,csv,
Germany,Office of the Federal Returning Officer,Other,1,1,"csv,db",
Germany,Office of Technology Assessment at the German Parliament,Other,1,1,csv,
Germany,Ministry of Foreign Affairs,Other,1,1,"csv,db",
Germany,"Federal Ministry of the Interior Divison for Electoral Law , Party Law",Other,1,1,"csv,db",
Germany,Transparency International,Other,1,1,"csv,db",
Germany,Germany’s Social Democratic Party,Other,1,1,"csv,db",
Germany,IDEA Elections and Parliamentary Support,Other,1,1,db,
Ghana,Electoral Commission,EMB,4,4,csv,
Ghana,Electoral Leadership Institute,Other,1,1,csv,
Greece,Ministry of Foreign Affairs,Other,2,2,"csv,db",
Greece,Cabinet Office,Other,1,1,"csv,db",
Greece,Greek Permanent Committee on Research and Technology,Other,1,1,csv,
Greece,European Economic and Social Committee,Other,1,1,csv,
Greece,Greek Committee on Private International Law,Other,1,1,csv,
Greece,Ministry of Justice,Other,1,1,csv,
Guam,Electoral Commission,EMB,6,6,db,
Guam,Guam Election Commission,EMB,2,2,db,
Guatemala,TRIBUNAL SUPREMO ELECTORAL GUATEMALA,EMB,1,1,db,
Guyana,Guyana Elections Commission,Other,4,4,db,
Guyana,GECOM,EMB,1,1,db,
Haiti,CEP,Other,1,1,db,
Haiti,ONI,Other,1,1,db,
Hungary,National Election Office of Hungary,EMB,14,14,"csv,db",National Election Office | national election office
Hungary,National Election Commission,EMB,5,5,"csv,db",
Hungary,Ministry of Foreign Affairs,Other,2,2,"csv,db",
Hungary,Association of European Election Officials,Other,2,2,"csv,db",
Hungary,OSCE,Other,1,1,csv,
Hungary,Nemzeti Választási Irodsa,Other,1,1,db,
Iceland,The National Electoral Commission,EMB,2,2,csv,National Electoral Commission
Iceland,Departemnt of Foreign Affairs and Trade,Other,1,1,"csv,db",
Iceland,Gardabaer Electoral Department,Other,1,1,csv,
Iceland,HafnarfjordurRegion,Other,1,1,csv,
Iceland,Nordic Election And Democracy Research Consortium (NED),Other,1,1,csv,
Iceland,Kjsarhreppur Electoral Department,Other,1,1,csv,
India,Office of the Chief Electoral,EMB,53,53,"csv,db",Chief Electoral Office
India,Office of the Chief Electoral oFFICER,EMB,21,21,"csv,db",Chief Electoral officer
India,Election Commission,EMB,17,16,csv,
India,Ministry of External Affairs,Other,17,17,csv,
India,State Election Commission,EMB,13,13,db,
India,Legislative Assembly,Other,5,5,db,
India,Telangana State Portal,Other,3,3,db,
India,IGOD,Other,2,2,csv,
India,"State Election Commission, Uttarakhand",EMB,2,2,db,State Election Commission Uttarakhand
India,Vigorous One,Other,2,2,db,
India,"STATE ELECTION COMMISSION, KARNATAKA, BENGALURU",EMB,1,1,db,
India,"State Election Commission, Government of Rajasthan",EMB,1,1,db,
India,State Election Commission Haryana,EMB,1,1,db,
India,SelfSTATE ELECTION COMMISSION CHHATTISGARH,EMB,1,1,db,
India,Chhattisgarh State Election Commission,EMB,1,1,db,
India,Vigorous Softech Systems Private Limited,Other,1,1,db,
India,Shri samarth Vidya Mandir prashala Sawedi Ahmednagar Maharashtra India,Other,1,1,db,
India,General Administration Department Bihar,Other,1,1,db,
India,"NIC, Bihar State Unit Patna",Other,1,1,db,
India,VigorousONE,Other,1,1,db,
Iran,Ministry of Foreign Affairs,Other,1,1,db,
Ireland,Departemnt of Foreign Affairs and Trade,Other,1,1,"csv,db",
Ireland,Departemnt of Foreign Affaira,Other,1,1,"csv,db",
Ireland,Citizens Foundation,Other,1,1,"csv,db",
Ireland,"Central Authority for Maintenance Recovery Abroad Department of Justice, Home Affairs and Migration",Other,1,1,csv,
Israel,Ministry of Interior,Other,3,3,db,
Israel,Knesset Research and Information Center Organisation,Other,1,1,db,
Italy,Central Directorate of Electoral Services,Other,2,2,"csv,db",
Italy,Venice Commission (Council of Europe),Other,2,2,csv,
Italy,OSCE,Other,1,1,csv,
Italy,Parliamentary Assembly,Other,1,1,"csv,db",
Italy,Ministry of Justice,Other,1,1,csv,
Jamaica,Electoral Office of Jamaica,EMB,11,11,db,ELECTORAL OFFICE OF JAMAICA | Electoral Office
Jamaica,Electoral Commission of Jamaica,EMB,2,2,db,
Jamaica,Federal Electoral Institute,Other,1,1,db,
Kazakhstan,Central Election Commission of the Republic of Kazakhstan,EMB,10,10,"csv,db",Central Election Commission of Kazakhstan | Central Election Commission
Kazakhstan,Ministry of Foreign Affairs,Other,3,3,db,
Kazakhstan,Youth Information service of Kazakhsatn,Other,1,1,db,
Kazakhstan,Center for Social Political Researches,Other,1,1,db,
Kazakhstan,Election Commission,EMB,1,1,db,
Kazakhstan,Monitoring Center,Other,1,1,db,
Kenya,Independent Electoral and Boundaries Commission,Other,6,6,"csv,db",independent electoral and boundaries commission | Independent Electoral & Boundaries Commission
Kenya,IEBC,EMB,6,6,db,
Kenya,Independent Boundaries and Electoral Commission (IEBC),EMB,4,4,csv,
Kenya,National Electoral Commission,EMB,2,2,csv,
Kenya,IFES Kenya,Other,2,2,csv,IFES
Kenya,.,Other,2,2,db,
Kenya,Commission on Revenue Allocation,Other,2,2,db,
Kenya,United Nations Integrated Electoral Assistance Team,Other,1,1,"csv,db",
Kenya,Independent Policing Oversight Authority,Other,1,1,db,
Kenya,International Foundation for Electoral Systems,Other,1,1,db,
Kenya,Election Commission,EMB,1,1,db,
Kenya,Ministry of Interior and Coordination,Other,1,1,db,
Kenya,Judiciary,Other,1,1,db,
Kosovo,Ministry of Foreign Affairs,Other,3,3,csv,
Kosovo,Central Election Commission of Kosovo,EMB,1,1,"csv,db",
Kosovo,OSCE,Other,1,1,csv,
Kyrgyzstan,Central Election Commission of Kyrgyzstan,EMB,3,3,"csv,db",Central Election Commission
Kyrgyzstan,National Election Commission,EMB,2,2,"csv,db",
Kyrgyzstan,Election Commission,EMB,1,1,db,
Kyrgyzstan,Coalition for Democracy and Civil Society,Other,1,1,db,
Latvia,Central Election Commission of Latvia,EMB,5,5,"csv,db",Central Election Commission
Latvia,Electoral Commission,EMB,4,4,"csv,db",
Latvia,National Election Commission,EMB,3,3,"csv,db",
Latvia,Latvian Parliament,Other,1,1,csv,
Latvia,Minitry of the Interior,Other,1,1,"csv,db",
Latvia,Ministry of Foreign Affairs,Other,1,1,csv,
Lebanon,absolutechnologies,Other,1,1,db,
Lesotho,Independent Electoral Commission,EMB,1,1,db,
Lesotho,Election Commission,EMB,1,1,db,
Liberia,The Liberian Legislature,Other,3,3,db,
Liberia,Naymote Partners for Democratic Development,Other,1,1,db,
Libya,Election Management Office,Other,6,6,db,
Libya,High National Election Commission,EMB,1,1,csv,
Liechtenstein,Ministry Of Home Affairs,Other,1,1,csv,
Lithuania,Central Election Commission of Lithuania,EMB,6,6,"csv,db",Central Election Commission | Central Electoral Commission
Lithuania,Council of the Central Election Commission,EMB,3,3,db,
Lithuania,Election Observation,Other,2,2,csv,
Luxembourg,Service des Séances Plénières (HHR) :,Other,18,18,csv,
Luxembourg,Central Election Commission,EMB,2,2,"csv,db",
Luxembourg,Cabinet du Président,Other,2,2,csv,
Luxembourg,Ministry Of Foreign Affairs,Other,2,2,csv,
Luxembourg,OSCE,Other,1,1,csv,
Luxembourg,Ministry of State,Other,1,1,csv,
Madagascar,Electoral Institute for Sustainable Democracy in Africa,Other,3,3,csv,
Madagascar,Independent National Electoral Commission,EMB,2,2,csv,
Madagascar,Independent National Electoral Commission (CENI),EMB,1,1,csv,
Madagascar,Indian Ocean Commission,Other,1,1,csv,
Madagascar,EISA Madagascar,Other,1,1,db,
Malawi,Malawi Electoral Commission,EMB,5,5,"csv,db",
Malawi,Malawi Electoral Support Network (MESN),Other,3,3,csv,
Malawi,Pan African Civic Educators Network (PACENET),Other,1,1,db,
Malawi,Centre for Human Rights and Rehabilitation (CHRR),Other,1,1,db,
Maldives,Civil Service Commission,Other,6,6,db,
Mali,Election Commission,EMB,1,1,db,
Malta,Electoral commission,EMB,5,5,"csv,db",
Malta,Central Election Commission,EMB,2,2,"csv,db",
Malta,Ministry of Foreign Affairs,Other,1,1,"csv,db",
Malta,Ministry for Justice & Governance,Other,1,1,csv,
Mauritania,Democracy and Electoral Assistance Unit,Other,1,1,"csv,db",
Mauritania,Ceni,EMB,1,1,db,
Mauritania,Centre d’Etudes pour la Démocratie et les Élections Crédibles (CEDEC),Other,1,1,db,
Mauritius,The Office of the Electoral Commissioner,EMB,18,18,"csv,db",Electoral Commissioner Office
Mauritius,Office of the Electoral Commisssioner,Other,4,4,"csv,db",
Mauritius,ICPS,Other,3,3,db,
Mauritius,Transparency Mauritius,Other,2,2,db,
Mauritius,Electoral Commission,EMB,1,1,csv,
Mauritius,OEC,Other,1,1,"csv,db",
Mauritius,African center For Economic Growth,Other,1,1,csv,
Mauritius,Attorney General's Office,Other,1,1,csv,
Mexico,INE,EMB,3,3,db,
Mexico,Instituto Nacional Electoral,Other,2,2,db,INSTITUTO NACIONAL ELECTORAL
Mexico,Smartmatic,Other,1,1,db,
Mexico,DBA CONTACTO DIRECTO,Other,1,1,db,
Mexico,Asesoría Jurídica Integral,Other,1,1,db,
Micronesia,FSM National Election office,EMB,6,6,db,
Moldova,Central Election Commission of the Republic of Moldova,EMB,4,4,"csv,db",Central Election Commission
Moldova,OSCE,Other,1,1,csv,
Moldova,Permanent Representation of the Republic of Moldova to the Council of Europe,Other,1,1,csv,
Moldova,Ministry of Justice,Other,1,1,csv,
Moldova,Ministry of Foreign Affairs,Other,1,1,csv,
Montenegro,OSCE,Other,2,2,csv,
Montenegro,Central Election Commission,EMB,2,2,"csv,db",
Montenegro,State Election Commission of Montenegro,EMB,1,1,"csv,db",
Montenegro,Center for Democratic Transition,Other,1,1,"csv,db",
Montenegro,Ministry of Justice,Other,1,1,csv,
Montenegro,Supreme Court of Montenegro,Other,1,1,csv,
Montenegro,Monitoring Center,Other,1,1,db,
Montserrat,"Electoral Commission, Montserrat",EMB,2,2,db,Electoral Commission
Montserrat,Montserrat Electoral Commission,EMB,1,1,db,
Morocco,Election Commission,EMB,1,1,db,
Mozambique,The Electoral Commission Forum,Other,1,1,"csv,db",
Mozambique,National Electoral Commission,EMB,1,1,csv,
Mozambique,Electoral Institute for the Sustainability of Democracy in Africa,Other,1,1,"csv,db",
Myanmar,Union Election Commission,Other,1,1,db,
Namibia,Electoral Commission of Namibia (ECN),EMB,12,12,"csv,db",Electoral Commission of Namibia | Election Commission
Namibia,The Electoral Commission Forum,Other,2,2,"csv,db",
Namibia,Namibia Institute for Democracy,Other,1,1,db,
Nepal,Election Commission,EMB,2,2,db,
Nepal,Office of the President,Other,1,1,db,
Netherlands,Ministry of the Interior and Kingdom Relations,Other,3,3,"csv,db",Ministry of the interior and kingdom relations
Netherlands,Central Election Commission,EMB,2,2,"csv,db",
Netherlands,Ministry for Foreign Affairs,Other,2,2,csv,Ministry of Foreign Affairs
Netherlands,The dutch Rathenau Instituut,Other,1,1,csv,
Netherlands,European Economic and Social Committee,Other,1,1,csv,
Netherlands,Smartmatic International Holding B.V.,Other,1,1,db,
Nigeria,Independent Electoral Commission,EMB,3,3,csv,
Nigeria,Independent National Electoral Commission,EMB,2,2,"csv,db",
Nigeria,Inec,Other,2,2,db,INEC
Nigeria,The Election Network,Other,1,1,csv,
Nigeria,Abia State Independent Electoral Commission,EMB,1,1,csv,
Nigeria,"EGANG AGABI & CO , LEGAL PRACTITIONERS",Other,1,1,"csv,db",
Nigeria,Independent Electoral Commission (INEC),EMB,1,1,csv,
Nigeria,Independent National Electoral Commission (INEC) - Nigeria,EMB,1,1,csv,
Nigeria,Initiative for Transformative Policy and Inclusive Development,Other,1,1,db,
Nigeria,Kimpact Development Initiative,Other,1,1,db,
North Macedonia,State Election Commission of Republic of North Macedonia,EMB,6,6,"csv,db",State Election Commission
North Macedonia,Electoral Service,Other,4,4,db,
North Macedonia,OSCE,Other,2,2,csv,
North Macedonia,Organization for Security and Co-operation in Europe,Other,2,1,"csv,db",
North Macedonia,United Nations Development Programme,Other,1,1,csv,
North Macedonia,Election Commission,EMB,1,1,db,
North Macedonia,iVote,Other,1,1,db,
Norway,Electoral Commission,EMB,4,4,db,
Norway,Ministry of local governement and Regional Development,Other,3,3,"csv,db",
Norway,Ministry of Local Government,Other,2,2,"csv,db",Ministry Local Government
Norway,Norwegian Board of Technology (Teknologirådet),Other,1,1,csv,
Norway,Norwegian Ministry of Justice and Public Security,Other,1,1,csv,
Norway,Committee of Constitutional Affairs,Other,1,1,db,
Pakistan,The Ministry of Interior,Other,7,7,db,
Pakistan,Smartmatic International Holding B.V.,Other,1,1,db,
Panama,Smartmatic USA Corporation,Other,1,1,db,
Panama,Smartmatic,Other,1,1,db,
Papua New Guinea,Electoral Commission,EMB,6,6,db,
Papua New Guinea,PNG Electoral Commission,EMB,1,1,db,
Philippines,Commission On Elections,Other,14,14,db,Commission on Elections
Philippines,COMELEC,EMB,2,2,db,
Philippines,Commission on Election,Other,1,1,db,
Philippines,Parish Pastoral Council for Responsible Voting,Other,1,1,db,
Philippines,"Office of Commissioner Maria Norina S. Tangaro-Casingal,Commission on Elections",Other,1,1,db,
Philippines,"Office of Commissioner Noli R. Pipo, Commission on Elections",Other,1,1,db,
Philippines,Philippines Commission on Elections,Other,1,1,db,
Poland,Ministry of Foreign Affairs,Other,8,8,"csv,db",
Poland,OSCE Office for Democratic Institutions and Human Rights (ODIHR),Other,2,2,"csv,db",
Poland,Ministry of Justice,Other,2,2,csv,
Poland,"Ministry of Justice, Central Board of Prison Service",Other,2,2,csv,
Poland,National Election Office of Poland,EMB,1,1,"csv,db",
Poland,Central Election Commission,EMB,1,1,"csv,db",
Poland,Election Commission,EMB,1,1,"csv,db",
Poland,Office of the Commissioner for Civil Rights Protection,Other,1,1,csv,
Poland,Solidarity with Democratic Belarus Information Office,Other,1,1,db,
Portugal,European Economic and Social Committee,Other,1,1,csv,
Portugal,DGAI Electoral Administration,Other,1,1,"csv,db",
Portugal,Parliamentary Assembly of the Council of Europe,Other,1,1,"csv,db",
Portugal,Central Election Commission,EMB,1,1,db,
Republic of Korea,Daegu Catholic University,Other,2,2,db,
Republic of Korea,Ministry,Other,1,1,db,
Romania,Permanent Electoral Authority of Romania,EMB,1,1,"csv,db",
Romania,Central Election Commission of the Russian Federation,Other,1,1,"csv,db",
Romania,Central Election Commission,EMB,1,1,"csv,db",
Romania,Permanent Representation of Romania to the Council of Europe (Strasbourg),Other,1,1,csv,
Romania,Election Commission,EMB,1,1,"csv,db",
Romania,Center for Free Elections and Democracy (CeSID),Other,1,1,"csv,db",
Romania,Ministry of Justice,Other,1,1,csv,
Romania,Laxton Group,Other,1,1,db,
Russian Federation,Central Election Commission of the Russian Federation,EMB,4,4,"csv,db",Central Election Commission
Russian Federation,CEC of Russia,EMB,3,3,db,CEC Russia
Russian Federation,Ministry for Foreign Affairs,Other,2,2,"csv,db",Ministry of Foreign Affairs
Russian Federation,Interparliamentary Assembly of member Nations OF THE CIS,Other,2,2,"csv,db",
Russian Federation,Office of the Prosecutor-General,Other,2,2,csv,
Russian Federation,ICANN,Other,1,1,csv,
Russian Federation,Parliamentary Assembly of the Council of Europe,Other,1,1,"csv,db",
Russian Federation,Ministry of Home Affairs,Other,1,1,csv,
Russian Federation,Russian Center for Trianing Election Technology - Central Election Commission,EMB,1,1,db,
Russian Federation,Russian Public Institute of Electoral Law,Other,1,1,db,
Rwanda,NATIONAL ELECTORAL COMMISSION,EMB,46,46,csv,
Rwanda,General Contact National Electoral Comission,Other,7,7,"csv,db",
Saudi Arabia,The Ministry of Interior,Other,1,1,db,
Senegal,National Assembly,Other,1,1,db,
Serbia,The Republic Electoral Commission,EMB,2,2,"csv,db",Republic Electoral Commission
Serbia,Center for Free Elections and Democracy (CeSID),Other,2,2,"csv,db",
Serbia,Ministry of Foreign Affairs,Other,2,2,csv,
Serbia,OSCE,Other,1,1,csv,
Serbia,State Election Commission,EMB,1,1,"csv,db",
Sierra Leone,Electoral Commission for Sierra Leone,EMB,5,5,db,
Sierra Leone,Election Management Office,Other,4,4,"csv,db",
Sierra Leone,National Election Watch - NEW IT,Other,1,1,db,
Sierra Leone,ECSL,Other,1,1,db,
Sierra Leone,Electoral Commission for Sierra,EMB,1,1,db,
Slovakia,Ministry of Foreign Affairs,Other,2,2,"csv,db",
Slovakia,Department of Elections and Referendum,EMB,1,1,"csv,db",
Slovakia,Monitoring Center,Other,1,1,db,
Slovenia,Ministry for Foreign Affairs,Other,4,4,"csv,db",Ministry of Foreign Affairs
Slovenia,Election Commission,EMB,2,2,"csv,db",
Slovenia,National Electoral Commission,EMB,1,1,"csv,db",
Slovenia,Permanent Representation,Other,1,1,"csv,db",
Slovenia,Prison Administration of the Republic of Slovenia,Other,1,1,csv,
Slovenia,General Director of the Directorate for Legislation on the Justice System,Other,1,1,csv,
Slovenia,General Director of the Directorate for Justice Administration,Other,1,1,csv,
Slovenia,General Director of the Directorate for International Cooperation and International Legal Assistance,Other,1,1,csv,
Slovenia,Director of Judicial Training Centre,Other,1,1,csv,
Slovenia,Director-General of the Prison Administration of the Republic of Slovenia,Other,1,1,csv,
Somalia,Somaliland National Electoral Commission,EMB,3,3,db,
Somalia,Somaliland Parliament,Other,1,1,db,
Somalia,National Electoral Commission-Somaliland,EMB,1,1,db,
South Africa,Electoral Commission,EMB,21,21,"csv,db",Election Commission
South Africa,BRANCH STATE PROTOCOL AND CONSULAR SERVICES,Other,20,20,csv,
South Africa,International Relations and Cooperation,Other,11,11,csv,
South Africa,BRANCH PUBLIC DIPLOMACY,Other,9,9,csv,
South Africa,Electoral Institute for Sustainable Democracy in Africa (EISA),Other,8,8,csv,
South Africa,International Relations and Coorperation,Other,6,6,csv,
South Africa,Office of the Minister,Other,6,6,csv,OFFICE OF THE MINISTER
South Africa,Independent Electoral Commission (IEC),EMB,4,4,"csv,db",
South Africa,University of the Western Cape,Other,4,4,csv,
South Africa,Consular Policy and Legalisation,Other,4,4,csv,
South Africa,OFFICES OF THE DEPUTY MINISTERS,Other,3,3,csv,
South Africa,OFFICE OF THE DIRECTOR-GENERAL,Other,2,2,csv,
South Africa,Office of the Chief of State Protoco,Other,2,2,csv,
South Africa,Directorate: Consular Policy and Legalisation,Other,2,2,csv,
South Africa,"BRANCH DIPLOMATIC TRAINING, RESEARCH AND DEVELOPMENT",Other,2,2,csv,
South Africa,TOPPAN Security,Other,2,2,db,Toppan Security
South Africa,Election Management Office,Other,1,1,csv,
South Africa,IEC,EMB,1,1,"csv,db",
South Africa,"Office of the Deputy Director-General: Diplomatic Training, Research and Development",Other,1,1,csv,
South Africa,Cooperative Governance Traditional Affairs,Other,1,1,"csv,db",
South Africa,The Electoral Commission Forum,Other,1,1,"csv,db",
South Africa,International Foundation for Electoral Systems,Other,1,1,csv,
South Africa,EISA - Electoral Institute for Sustainable Democracy in Africa,Other,1,1,csv,
South Africa,College of Human Sciences,Other,1,1,csv,
Spain,European Economic and Social Committee,Other,5,5,csv,
Spain,Central Election Commission,EMB,3,3,"csv,db",
Spain,Ministry of Public Administration,Other,1,1,"csv,db",
Spain,Departement of Public Administration,Other,1,1,"csv,db",
Spain,Election Commission,EMB,1,1,db,
Sri Lanka,Election Commission,EMB,7,7,db,
Sudan,Sudan National Elections Commission,Other,1,1,db,
Sweden,Ministry of Foreign Affair,Other,2,2,"csv,db",
Sweden,The Swedish Election Authority,EMB,2,2,"csv,db",
Sweden,Minister for International Development Cooperation and Foreign Trade,Other,2,2,csv,
Sweden,Minister for Foreign Affairs,Other,2,2,csv,
Sweden,Election Commission,EMB,1,1,"csv,db",
Sweden,International IDEA,Other,1,1,"csv,db",
Sweden,Evaluation and Research Secretariat (ERS) of the Swedish Riksdag,Other,1,1,csv,
Sweden,Parliamentary Assembly of the Council of Europe,Other,1,1,"csv,db",
Sweden,Swedish Association of Local Authorities and Regions,Other,1,1,"csv,db",
Sweden,Folke Bernadotte Academy,Other,1,1,csv,
Sweden,Swedish Ministry of Justice,Other,1,1,csv,
Sweden,Swedish Election Authoruty,Other,1,1,db,
Sweden,SEA,Other,1,1,db,
Switzerland,Election Commission,EMB,5,5,"csv,db",
Switzerland,Center For Democracy Aarau (Zda),Other,4,4,csv,
Switzerland,The Federal Assembly,Other,3,3,csv,
Switzerland,Election Observation,Other,2,2,csv,
Switzerland,Federal Department Of Foreign Affairs Of Switzerland,Other,2,2,csv,Federal Department Of Foreign Affairs
Switzerland,Swiss Foundation for Technology Assessment (TA-SWISS),Other,1,1,csv,
Switzerland,State Chancellery of Geneva,Other,1,1,csv,
Switzerland,Department of Econometrics and Political Economy,Other,1,1,csv,
Switzerland,"Swiss Electoral Studies,Fors (Swiss Foundation For Research In Social Sciences)",Other,1,1,csv,
Switzerland,Swiss Federal Chancellery,Other,1,1,csv,
Switzerland,Interparliamentary Union,Other,1,1,"csv,db",
Switzerland,Swiss Broadcasting Company,Other,1,1,db,
Switzerland,Swiss Democracy Foundation,Other,1,1,db,
Tajikistan,Election Commission,EMB,3,3,db,
Tajikistan,Central Commision for Election,Other,1,1,db,
Tanzania,Independent National Electotal Commission,Other,2,2,"csv,db",
Tanzania,Independent National Electoral Commission,EMB,2,2,db,
Tanzania,Zanzibar Electoral Commission,EMB,2,2,db,ZANZIBAR ELECTORAL COMMISSION
Tanzania,The Electoral Commission Forum,Other,1,1,db,
Tanzania,STATISTICS OFFICE ZANZIBAR,Other,1,1,db,
Tanzania,Zanzibar Electoral Commision,Other,1,1,db,
Thailand,Office of tge Election Commission,EMB,1,1,db,
Timor-Leste,National Election Commission,EMB,5,5,db,
Trinidad and Tobago,Elections and Boundaries Commission,Other,1,1,db,
Tunisia,EMEA,Other,2,2,csv,
Tunisia,Independent High Authority for Election,Other,1,1,"csv,db",
Tunisia,ISIE,Other,1,1,db,
Tunisia,The Independent High Authority for Elections (ISIE),Other,1,1,db,
Turkey,Ministry of Foreign Affairs,Other,1,1,"csv,db",
Turkey,Parliamentary Assembly of the Council of Europe,Other,1,1,"csv,db",
Turkey,Congress of the Council of Europe,Other,1,1,"csv,db",
Turkey,Supreme Election Council,EMB,1,1,db,
Turkey,Central Commision for Election,Other,1,1,db,
Turkey,Supreme Election Council (Türkiye),EMB,1,1,db,
Turkmenistan,Members Countries,Other,1,1,db,
Turkmenistan,Central Commision for Election,Other,1,1,db,
Turkmenistan,Ministry of Foreign Affair,Other,1,1,db,
Uganda,Global Election Observation Missions,Other,7,7,db,GLOBAL ELECTION OBSERVATION MISSIONS | Global election observation missions | Global Election observation missions
Uganda,Global Election Observation Mission,Other,3,3,db,GLOBAL ELECTION OBSERVATION MISSION
Uganda,Namibia - Electoral Commission of Namibia (ECN),EMB,1,1,csv,
Uganda,Uganda Electoral Commission,EMB,1,1,db,
Uganda,NWOYA EAST COUNTY,Other,1,1,db,
Uganda,Global Election Obsevation Missions,Other,1,1,db,
Uganda,Global elections observations missions,Other,1,1,db,
Uganda,Global Election Observation Missions-GEOM,Other,1,1,db,
Ukraine,Central Election Commission,EMB,3,3,"csv,db",central Election Commission
Ukraine,Election Commission,EMB,3,3,"csv,db",
Ukraine,Ministry of Foreign Affairs,Other,3,3,"csv,db",
Ukraine,Committee of Voters of Ukraine,Other,3,3,"csv,db",
Ukraine,Central Commision for Election,Other,3,3,db,central Commision for Election
Ukraine,Ministry of Justice,Other,2,2,"csv,db",
Ukraine,Permanent Mission of Ukraine,Other,1,1,"csv,db",
Ukraine,Legislative Initiatives,Other,1,1,db,
United Arab Emirates,Al Ghurair Printing & Publishing LLC,Other,1,1,db,
United Kingdom,Parliamentary Counsel (Director),Other,19,19,csv,
United Kingdom,National Security Council,Other,15,15,csv,
United Kingdom,Parliamentary Counsel,Other,15,15,csv,
United Kingdom,Community Relations Council,Other,10,10,csv,
United Kingdom,British Group Inter Parliamentary Union,Other,7,7,csv,
United Kingdom,Social Work Engalnd,Other,5,5,csv,
United Kingdom,Parliamenary Counsel (Director General),Other,5,5,csv,
United Kingdom,Cabinet Office,Other,4,4,"csv,db",
United Kingdom,ICPS,Other,3,3,db,
United Kingdom,Parliamentary Office of Science and Technology (POST),Other,2,2,csv,
United Kingdom,Election Commission,EMB,2,2,"csv,db",
United Kingdom,House of Commons,Other,2,2,csv,
United Kingdom,Civil Service Group,Other,1,1,csv,
United Kingdom,European Economic and Social Committee,Other,1,1,csv,
United Kingdom,Parliamentary Assembly of the Council of Europe,Other,1,1,"csv,db",
United Kingdom,Edgistra,Other,1,1,db,
United Kingdom,Direct Line,Other,1,1,db,
United Kingdom,Test,Other,1,1,db,
United States,Civilian Board of Contract Appeals,Other,27,27,csv,
United States,Federal Acquisition Service,Other,19,19,csv,
United States,Office of Congressional Relations,Other,6,6,csv,
United States,University of Kentucky,Other,1,1,db,
United States,Election Assistance Commission of DC,Other,1,1,db,
United States,United Nation,Other,1,1,db,
United States,State of Michigan - Department of State,Other,1,1,db,
United States,Surry County Board of Elections,Other,1,1,db,
United States,Smartmatic,Other,1,1,db,
United States,JMK Drive,Other,1,1,db,
United States,Elections System of the Virgin Islands,Other,1,1,db,
United States,IFES,Other,1,1,db,
United States,Self Employed,Other,1,1,db,
United States,Global Strategic Solutions,Other,1,1,db,
Vanuatu,Vanuatu Electoral commission,EMB,1,1,db,
Vanuatu,UNDP,Other,1,1,db,
Western Sahara,Election Commission,EMB,1,1,db,
Zambia,The Electoral Commission Forum,Other,1,1,"csv,db",
Zimbabwe,The Electoral Commission Forum,Other,1,1,"csv,db",
Zimbabwe,Zimbabwe Electoral Commission,EMB,1,1,csv,
Zimbabwe,Electoral Institute for Sustainable Democracy in Africa,Other,1,1,db,
